{
  "checkpoint_dir": "trained_models_bidirectional_noisy/Qwen2.5-3B-Instruct_midlm_bidirectional",
  "split": "test",
  "bidirectional": true,
  "num_examples": 2484,
  "exact_match_accuracy": 0.6719001610305958,
  "k_accuracy": 0.96658615136876,
  "micro_f1": 0.8303562418003836,
  "macro_f1": 0.8249966641065722
}